{
	"axis_max" : 0.05341366767883301,
	"axis_min" : -0.622921085357666,
	"bounding_polygon" : 
	[
		[ -0.2, -0.06, 0.0 ],
		[ 0.2, -0.06, 0.0 ],
		[ 0.2, 0.2, 0.0 ],
		[ -0.2, 0.2, 0.0 ],
        [ -0.2, -0.06, 0.0 ]
	],
	"class_name" : "SelectionPolygonVolume",
	"orthogonal_axis" : "Z",
	"version_major" : 1,
	"version_minor" : 0
}
